A1860370874,东莞市鑫锋日用品有限公司,不保留
QS011212,东莞市鑫锋日用品有限公司,保留
QS007348,丹阳市界牌镇鸿源汽车配件厂,保留
QS007423,丹阳市界牌镇鸿源汽车配件厂,不保留
QS001771,义乌市哆梦化妆用具有限公司,保留
QS012569,义乌市哆梦化妆用具有限公司,不保留
A2091385483,义乌市润东汽车用品有限公司,保留
A509802244,义乌市润东汽车用品有限公司,不保留
A1565954812,义乌市霸正电子商务有限公司,不保留
A2084967921,义乌市霸正电子商务有限公司,保留
QS003324,乐清市恒旭电气有限公司,保留
QS007179,乐清市恒旭电气有限公司 ,不保留
QS002836,余姚市舜寰流量仪表有限公司,保留
QS007078,余姚市舜寰流量仪表有限公司 ,不保留
A727420780,宁波市鄞州姜山凌立达五金配件厂,保留
A389018831,宁波市鄞州姜山凌立达五金配件厂 ,不保留
A1030079536,常州贝斯通户外用品有限公司,不保留
QS009835,常州贝斯通户外用品有限公司,保留
A224294660,广宗县燕军自行车配件厂,保留
A1549893461,广宗县燕军自行车配件厂,不保留
A877257143,广宗县燕军自行车配件厂 ,不保留
QS009378,广州仁合运动用品有限公司 ,保留
QS010172,广州仁合运动用品有限公司,保留
A914623176,广州市蓝豪汽车工具有限公司,不保留
QS008857,广州市蓝豪汽车工具有限公司 ,不保留
QS002759,广州市魅诗电子科技有限公司,不保留
QS007085,广州市魅诗电子科技有限公司 ,保留
A108685094,扬州陶氏研磨器材有限公司,保留
QS009419,扬州陶氏研磨器材有限公司 ,不保留
A853049062,浙江曙光体育用品有限公司,不保留
QS008972,浙江曙光体育用品有限公司 ,保留
A230733904,浙江远眺化妆品有限公司,不保留
QS002408,浙江远眺化妆品有限公司,保留
QS010674,深圳市伟世佳科技有限公司,保留
QS012867,深圳市伟世佳科技有限公司,不保留
A971542210,深圳市健健科技有限公司,不保留
QS000507,深圳市健健科技有限公司,保留
A860087382,深圳市宏鸿达科技有限公司,保留
QS011228,深圳市宏鸿达科技有限公司,不保留
QS009338,深圳市康视达电子有限公司 ,不保留
QS012311,深圳市康视达电子有限公司,保留
QS009104,深圳市纳音科技有限公司,保留
QS012360,深圳市纳音科技有限公司,不保留
A1231505441,深圳市西诺电子有限公司,保留
A1325667595,深圳市西诺电子有限公司,不保留
A1586639812,深圳市西诺电子有限公司,不保留
A1151307316,深圳市西诺电子有限公司,不保留
A264020575,滁州市南谯区杨阳家居馆,保留
A623933380,滁州市南谯区杨阳家居馆,不保留
A1876930297,阳江市江城光发五金塑料厂,不保留
QS006992,阳江市江城光发五金塑料厂,保留
QS007191,陈金鹏,保留
QS008975,陈金鹏,不保留
